id	texte	origine
0	Nouvelle règle : interdiction des liens vers les subreddits de marques et d'entreprises financières. Bonjour à toutes et tous,  L'équipe de modération a décidé d'amender la règle sur la publicité pour y intégrer **l'interdiction des liens vers les subreddits dédiés à des entreprises, marques ou produits financiers**.  # Contexte  Au fil des années, [r/vosfinances](https://www.reddit.com/r/vosfinances) et [r/VosSous](https://www.reddit.com/r/VosSous) ont cherché à rester des espaces d'entraide indépendants, où les conseils et les discussions ne sont pas influencés par les intérêts commerciaux d'un acteur en particulier.  Ces derniers temps, nous avons vu apparaître ou gagner en visibilité différents subreddits dédiés à des sociétés financières, fintechs, courtiers, banques ou fournisseurs de services d'investissement. Certains sont officiels, certains ne le sont pas, mais ils ont tous en commun d'être centrés sur une marque, un produit ou une entreprise.  # Pourquoi ?  Les entreprises financière intègrent maintenant toutes le **marketing communautaire** dans leur stratégie. Nous ne souhaitons pas que [r/vosfinances](https://www.reddit.com/r/vosfinances) et [r/VosSous](https://www.reddit.com/r/VosSous) deviennent des canaux d'acquisition ou de promotion pour des entreprises financières. Ce n'est pas la vocation de [r/vosfinances](https://www.reddit.com/r/vosfinances) ni celle de [r/VosSous](https://www.reddit.com/r/VosSous).  Nos communautés existent pour discuter de finance personnelle, d'investissement, d'épargne, de fiscalité et de budget de manière indépendante. Nous ne voulons pas servir de point d'entrée vers des espaces dont l'objectif est de fidéliser des utilisateurs, construire une audience ou renforcer la visibilité d'une entreprise.  # La règle  À compter d'aujourd'hui, les liens et redirections vers des subreddits dont l'objet principal est une marque commerciale ou une entreprise financière ne sont plus autorisés.  Cela concerne par exemple (liste non exhaustive) :  * [r/finary](https://www.reddit.com/r/finary) * [r/cayas](https://www.reddit.com/r/cayas) * [r/Qonto](https://www.reddit.com/r/Qonto) * [r/greengot](https://www.reddit.com/r/greengot) * [r/BoursoBank](https://www.reddit.com/r/BoursoBank) * [r/CompteEtCarteNickel](https://www.reddit.com/r/CompteEtCarteNickel) * [r/Revolut](https://www.reddit.com/r/Revolut) * [r/n26bank](https://www.reddit.com/r/n26bank) * [r/traderepublic](https://www.reddit.com/r/traderepublic) * [r/DEGIRO](https://www.reddit.com/r/DEGIRO) * [r/ScalableCapital](https://www.reddit.com/r/ScalableCapital) * [r/bunq](https://www.reddit.com/r/bunq)     # Ce qui reste autorisé  Vous pouvez toujours :  * parler de ces entreprises * les recommander ou les critiquer * comparer leurs frais, leurs produits et leurs fonctionnalités * partager vos retours d'expérience  Rien n'interdit de discuter de Finary, Revolut, Qonto, Trade Republic, DEGIRO ou n'importe quel autre acteur du secteur.  Ce qui est désormais interdit, c'est la promotion de leurs communautés Reddit et la redirection des utilisateurs vers celles-ci.     Merci à tous de votre compréhension.  L'équipe de modération de [r/vosfinances](https://www.reddit.com/r/vosfinances) et [r/VosSous](https://www.reddit.com/r/VosSous)	Reddit
1	Est ce qu’un simple guichetier postal peux avoir accès à mon compte sans ma présence?. J’ai mon cousin qui a commencé à travailler chez la poste en tant que guichetier (donc la personne qui gère les dépôts d’argent, retraits d’argent, envoie de courrier etc.) et moi je suis une personne qui n’est pas honnête et transparente sur mes revenus.  Je gagne très bien ma vie mais je dis que je gagne le smic à ma famille (sauf mes parents). Je dis ça car j’ai une famille très vicieuse et j’ai peur de l’œil des gens, et que je ne veux pas qu’on m’envie, ou qu’on me fasse passer pour une aisée.  Sauf que voilà mon cousin a commencé à travailler en tant que guichetier et je me demande si il peut avoir accès à mon compte, mon solde, mes entrées, sorties, etc. sans que je ne soit en face de lui. Juste par simple curiosité. Je sais qu’un conseiller bancaire attitré peut, mais un guichetier?  J’imagine qu’au vu de la déontologie, et en principe ça doit être interdit. Mais est ce qu’en pratique c’est possible? Juste avec mon nom, prénom, ma date de naissance, lieu de naissance etc il peut?	Reddit
2	"Acheter de l'or physique ?. Bonjour!   Alors voilà, j'ai un petit peu de sous de côté sur un LEP qui autant vous dire me rapporte casi que dalle aujourd'hui.  C'est pourquoi j'ai pensé a acheter de l'or (en physique).  Je suis complètement néophyte à ce genre d'investissement, mais c'est ce qui me semble le plus ""safe"" comme investissement plutôt que d'avoir de l'argent qui dort sur un compte. Après il ne s'agit pas de dizaines de milliers d'euros, mais seulement de quelques milliers d'euros. Et idéalement dans le futur plutôt que de laisser mon argent dormir sur un compte qui me rapporte 2.5% je préfèrerais l'investir dans quelque chose de palpable.   Tout conseil est bon à prendre. Est-ce le bon moment pour acheter d'ailleurs ?  Merci d'avance de vos réponses! "	Reddit
3	Demander une RQTH / ALD peut-il avoir des conséquences sur un crédit ou une assurance ?. J’ai une hypersomnie idiopathique, une pathologie qui fait que j’ai besoin de dormir environ 12 à 14h par jour.  J’ai un traitement, mais il est malheureusement loin d’être miraculeux. En gros, il me permet d’être éveillé, d’aller travailler et d’être correctement concentré au travail, mais il ne réduit quasiment pas mon besoin de sommeil.  Concrètement, comme je travaille à temps plein, je crée une dette de sommeil toute la semaine que je récupère le week-end. Je dors donc énormément le samedi et le dimanche et, en dehors de quelques activités compatibles avec un état d’épuisement assez total, je ne fais pas grand-chose.  C’est un rythme que j’arrive à tenir professionnellement, mais au prix du sacrifice de quasiment tout le reste : vie sociale, vie de famille, hobbies, etc. J’ai la chance d’adorer mon travail, donc je ne vis pas non plus cela comme un enfer, mais je suis assez lucide sur les limites du système. Par exemple, en l’état actuel des choses, je ne vois absolument pas comment ce rythme pourrait être compatible avec le fait d’avoir des enfants.  Je n’ai actuellement ni RQTH ni reconnaissance en ALD. J’en ai parlé à mon médecin, qui m’a plutôt déconseillé d’engager ces démarches, notamment parce qu’une reconnaissance officielle de ma pathologie pourrait, selon lui, avoir des conséquences en matière d’accès au crédit ou d’assurance emprunteur / coût des assurances.  C’est surtout ce dernier point qui m’interroge. Est-ce réellement le cas en pratique ? Une RQTH ou une ALD peut-elle avoir des conséquences financières ou assurantielles importantes ? Les banques ou assureurs ont-ils connaissance de ces reconnaissances, directement ou indirectement ?  Et pour ceux qui ont une maladie chronique ou un handicap invisible : avez-vous demandé une RQTH ou une ALD ? Avec le recul, est-ce que vous le referiez ? Y a-t-il des conséquences auxquelles vous n’aviez pas pensé au moment de la demande ?  Merci pour vos retours.	Reddit
4	Swisslife. Que pensez vous du bilan patrimonial et gestion swisslife quand on a une société et holding avec sci ? Est ce intéressant malgré les frais ? ou avez vous d’autres idées ?	Reddit
5	Emprunter de l'argent - immobilier en collateral. Bonjour     Connaissez-vous un moyen de faire un emprunt à remboursement in fine en connant comme collateral un bien immbilier ? (résidence principale) Ou des établissements acceptant ce type de transactions   Sans restrictions sur la destination des fonds. Concrètement un schema de prêt Lombard quoi ..     L'objectif étant de faire travailler cet actif puisqu'il n'y a pas de prêt immobilier attaché    Merci !	Reddit
6	Taxation plus-values PEA. Bonjour,  J’ai une question sur la taxation des plus-values sur le PEA.  ·       J’achète 7 K€ d’ETF WORLD. Au bout de quelques années mes ETF valent 10 K€, donc j’ai 3000 € de plus-values ***latentes.***  ·       Je revends mes ETF 10 K€, puis j’en rachète pour 10 K€. Je me retrouve bien avec 0 € de plus-values ?  ·       Quelques années après ces 10 K€ valent 15 K€, je serais bien taxé seulement sur les plus-values de 5 K€ si je retire tout ?  Les frais d’achat/revente de passages d’ordres seraient bien inférieurs aux taxes sur 3K€ de plus-values qui n’en seraient pas puisqu’elles ont été réinvesties ?  Merci pour vos réponses.	Reddit
7	"La place des obligations dans le portefeuille - le retour des taux élevés. [Historique des taux français \(bleu\), allemands \(orange\) et US \(vert\) sur 10 ans](https://preview.redd.it/fleg2eianfph1.png?width=1908&format=png&auto=webp&s=fddfcf90a07c451121bd1c31e1b7efc101ee96e9)  N'ayant connu que la période de taux bas (de 2016 à 2022), j'ai activement choisir d'éviter de détenir des obligations >1an en direct, car les taux étaient si ridicules qu'il me semblait impossible d'espérer un bon rendement ajusté à la volatilité des obligations de longue maturité.  Coup de chance, ce choix actif m'a permis de surperformer le mix 70/30 actions/obligations théorique, que je suivais avec mon mix obligataire de fonds euro/fonds monétaire jusqu'à maintenant, plutôt que via des obligations d'Etat d'échéances moyen à long-terme, comme l'aurait voulu la théorie.  Je suis toutefois un grand fan de théorie, et je comprends bien que les taux servis à 10 ans (ou plus) montant en flèche, l'intérêt des obligations en cas de ""vraie"" crise grandit (sauf si les taux remontent comme dans les années 80 sous Paul Volcker).  Depuis 2026, je commence à remplacer mes fonds monétaires/euro par des fonds obligataires de moyen à long terme, comme j'aurais du faire depuis le début.  J'utilise aussi des ETF mixtes comme le [NTSG](https://www.justetf.com/fr/etf-profile.html?isin=IE00077IIPQ8) et le [NTSZ](https://www.justetf.com/fr/etf-profile.html?isin=IE000OV4XWA3), qui utilisent du levier sur les obligations d'Etat de maturités diverses. Vu que la courbe des taux n'est plus inversée, ça me paraît logique.  Cependant, j'ai l'impression que la récente hausse des taux produit l'effet inverse sur les forums spécialisés, et que les gens ont, au contraire, tendance à s'écarter des obligations, alors qu'elles sont beaucoup plus pertinentes (à mon sens) aujourd'hui qu'elles ne l'étaient hier.  La collecte du NTSZ (ci-dessous) me paraît d'ailleurs extrêmement lente par rapport à son intérêt théorique non-négligeable et à la remise en cause des ETFs swapés en PEA, et j'ai l'impression que la cause est la réticence des investisseurs à investir en obligations d'Etat.  [Encours sous gestion du NTSZ](https://preview.redd.it/spbzipo5sfph1.png?width=2730&format=png&auto=webp&s=1671ebb35a3538147b1a2e1282fec46f4b61d3e0)  Je me sens un peu ""sale"" d'avoir évité le marché obligataire toutes ces années, je comprends tout à fait le repoussoir que 2022-2026 a été pour la détention d'obligations de longue duration en direct, mais je pense que les obligations ont toujours une place dans le portefeuille des investisseurs long-terme qui ne peuvent pas encaisser la volatilité d'un investissement à 100% en actions.  Je tenais à faire ce pavé pour redonner un peu de place aux obligations sur r/vosfinances, en étant transparent sur le fait que j'ai moi-même préféré éviter l'exposition aux obligations de longue duration jusqu'à maintenant."	Reddit
8	REVOLUT – Les données de certains clients compromises suite à de fausses demandes d’informations gouvernementales. 	Reddit
9	Décourageant. Pour les personnes qui suivent l’actualité vous êtes toujours encouragé pour continuer à investir en PEA  Depuis quelques mois j’essaye d’investir en DCAM world 500€ par mois mais avec ce qui se passe dans le monde l’état économique partout y compris la France je trouve qu’une récession ou un grand bouleversement est proche.       Mon boulot est dans le monde de la tech très menacé par l’IA également.  Je ne suis pas expert mais je voulais poser la question ici s’il y’a des personnes qui pensent comme moi et si ça impacte votre décision de continuer d’investir.  Merci !	Reddit
